dependency,29.83731211317418
godmother,26.853227232537577
hale,26.853227232537577
ariosto,26.853227232537577
habitation,18.894783377541998
june,18.894783377541998
complaisance,17.900088417329794
paroxysm,17.900088417329794
east,16.905393457117597
continuance,14.916003536693191
incumbrance,14.916003536693191
campion,14.916003536693191
halcyon,12.926613616268789
unawares,11.931918656056586
brixen,11.931918656056586
volume,11.931918656056586
teazer,11.931918656056586
gouty,11.440070765148164
methought,10.940595518867923
rinaldo,10.937223695844386
observest,10.937223695844386
collection,10.609080188679247
scholar,10.442184390891
importunity,8.947833775419982
oftener,8.947833775419982
foe,8.947833775419982
miser,8.947833775419982
de,8.947833775419982
prescription,8.947833775419982
cowley,8.947833775419982
rivalry,8.947833775419982
byron,8.947833775419982
equipp,7.956656346749227
dost,7.955148452305748
hodges,7.9531388152077795
carter,7.9531388152077795
acquisition,7.9531388152077795
first,7.9531388152077795
warrant,7.9531388152077795
divine,7.9531388152077795
manifold,7.9531388152077795
better,6.961521450685537
la,6.961521450685537
cleaver,6.961521450685537
cough,6.958443854995579
resolv,6.958443854995579
mayst,6.628832547169812
reporter,6.462853773584905
grandmother,6.462853773584905
shakespeare,6.297022405660377
glow,5.966386554621849
mullins,5.966386554621849
guide,5.963748894783377
ty,5.963748894783377
sffragans,5.963748894783377
packet,5.963748894783377
dame,5.963748894783377
retir,5.963748894783377
jury,5.963748894783377
rogers,5.56650159179342
saint,5.468819106590004
sketch,5.468819106590004
forbear,5.367527414220021
murderer,5.30188679245283
asseveration,5.30188679245283
counsellor,5.136202830188679
nobleman,4.9712516585581605
phaeton,4.9712516585581605
simpleton,4.9712516585581605
catalan,4.970224056603774
usedst,4.968169761273209
second,4.968169761273209
oil,4.968169761273209
litter,4.968169761273209
glare,4.968169761273209
gallantry,4.968169761273209
batchelor,4.968169761273209
wrestler,4.968169761273209
preacher,4.968169761273209
stile,4.968169761273209
turk,4.968169761273209
besought,4.638561320754717
intimate,4.638561320754717
tradesman,4.473684210526316
suspect,4.473684210526316
fund,4.30689858490566
making,4.30689858490566
emblem,4.141067216981131
herd,3.9761167624944713
sportiveness,3.9761167624944713
allegory,3.9752358490566033
judith,3.9752358490566033
race,3.974795489719213
didst,3.9747081712062258
flesh,3.9734748010610073
know,3.9734748010610073
paint,3.9734748010610073
function,3.9734748010610073
madrid,3.9734748010610073
implacables,3.9734748010610073
dragon,3.9734748010610073
testator,3.9734748010610073
sot,3.9734748010610073
censurers,3.9734748010610073
testatrix,3.9734748010610073
purposing,3.9734748010610073
endowment,3.9734748010610073
urgency,3.9734748010610073
balancing,3.9734748010610073
renew,3.9734748010610073
sixtus,3.9734748010610073
vth,3.9734748010610073
houshold,3.9734748010610073
did,3.9734748010610073
wilt,3.829884845693229
williams,3.7260667698430243
bishop,3.7260667698430243
bearer,3.6435731132075473
thousand,3.6435731132075473
knowest,3.576759816059427
methinks,3.56539381958173
poet,3.548641819330385
b,3.5485786481364494
burning,3.4785493144626267
damn,3.4785493144626267
seemest,3.4785493144626267
liveliness,3.4785493144626267
foxhunter,3.4785493144626267
ceiling,3.4785493144626267
hast,3.4773380499668365
mayest,3.4773380499668365
matt,3.4773380499668365
receipt,3.4773380499668365
liver,3.353084236126465
member,3.3119103773584904
tormentor,3.2286093300906478
don,3.224947957059471
humility,3.1788114609126277
nobody,3.1577384712571064
resignation,3.122173089071384
sport,2.980981866430783
learning,2.980981866430783
deviation,2.980981866430783
vermin,2.980981866430783
voyage,2.9802476415094343
lardner,2.9802476415094343
margaret,2.9802476415094343
novice,2.9800379027163615
chairman,2.9800379027163615
likelihood,2.979660417403608
flatterer,2.978779840848806
gloom,2.978779840848806
ape,2.978779840848806
quagmire,2.978779840848806
ince,2.978779840848806
rose,2.978779840848806
shews,2.978779840848806
governor,2.978779840848806
payment,2.978779840848806
brood,2.978779840848806
dorastus,2.978779840848806
fauia,2.978779840848806
vallens,2.978779840848806
humorousness,2.978779840848806
exercise,2.978779840848806
particualr,2.978779840848806
homer,2.978779840848806
proctor,2.978779840848806
capitulating,2.978779840848806
teaze,2.978779840848806
dealer,2.978779840848806
infernal,2.978779840848806
persevereance,2.978779840848806
requester,2.978779840848806
briar,2.978779840848806
womanhood,2.978779840848806
paragon,2.978779840848806
lewin,2.9417327119970067
everybody,2.814416273584906
innocent,2.7668351231838284
hartley,2.7311518903382708
tale,2.695767530006317
nation,2.5817120622568095
collins,2.5208517586230355
duce,2.4834144183989384
em,2.4834144183989384
larkin,2.4834144183989384
imposture,2.4834144183989384
termagant,2.4834144183989384
besides,2.4834144183989384
heiress,2.4834144183989384
morality,2.4834144183989384
un,2.4834144183989384
rejection,2.4834144183989384
ad,2.4834144183989384
demerit,2.4834144183989384
harlowes,2.4114655716993054
asham,2.38273788468341
coward,2.316922169811321
gang,2.316922169811321
hinge,2.316922169811321
breaker,2.316922169811321
modern,2.316922169811321
herse,2.316922169811321
army,2.3167747641509435
reasoning,2.3167747641509435
arabella,2.3048641819330387
connivance,2.283541169187229
hereupon,2.2563917028461167
hadst,2.233694450585894
bailiff,2.233694450585894
experience,2.2147084835703112
rascal,2.184010376746654
hickma,2.1837637071100104
awe,2.150943396226415
elder,2.1381726648071298
dearest,2.1381726648071298
dr,2.0889939016341508
unforgiveness,1.9854046881910659
distraction,1.9854046881910659
pocock,1.9854046881910659
daemon,1.9854046881910659
affluent,1.9854046881910659
glance,1.9854046881910659
gathering,1.9854046881910659
artillery,1.9854046881910659
contriver,1.9854046881910659
descrtion,1.9854046881910659
novel,1.984965730709706
stept,1.984965730709706
katharine,1.9848678392453571
dreamer,1.9840848806366047
re,1.9840848806366047
capitulation,1.9840848806366047
rachel,1.9840848806366047
clark,1.9840848806366047
prostration,1.9840848806366047
couldst,1.9840848806366047
moth,1.9840848806366047
succession,1.9840848806366047
antique,1.9840848806366047
outcry,1.9840848806366047
frugality,1.9840848806366047
whe,1.9840848806366047
diver,1.9840848806366047
lead,1.9840848806366047
censurer,1.9840848806366047
decorum,1.9840848806366047
dupe,1.9840848806366047
blockhead,1.9840848806366047
opponent,1.9840848806366047
attorney,1.9840848806366047
destin,1.9840848806366047
contrive,1.9840848806366047
apprehensiveness,1.9840848806366047
officious,1.9840848806366047
parentage,1.9840848806366047
cavil,1.9840848806366047
covent,1.9840848806366047
ife,1.9840848806366047
finding,1.9840848806366047
englishman,1.9840848806366047
obscurity,1.9840848806366047
narrowness,1.9840848806366047
apron,1.9840848806366047
ow,1.9840848806366047
brook,1.9840848806366047
waltham,1.9840848806366047
premeditation,1.9840848806366047
phrensy,1.9840848806366047
mordens,1.9840848806366047
burst,1.9840848806366047
casuist,1.9840848806366047
fortescue,1.9523878562936763
the,1.9518306703614172
canst,1.943582562552972
well,1.9139608338597602
jack,1.8974600254704965
thou,1.8752920262967736
bravery,1.8606013707716116
meaning,1.842830069488313
may,1.842830069488313
wouldst,1.8278719046732452
jealousy,1.8192806603773586
errand,1.8192806603773586
lewen,1.8094891270419313
madam,1.801603312588897
wert,1.7860617316706469
bounty,1.7858153519632118
accent,1.7858153519632118
peggy,1.7858153519632118
partner,1.7858153519632118
pr,1.7637810749729783
calista,1.7362370108335177
why,1.7362370108335177
martin,1.7064171501344276
ti,1.7006948831332909
mightst,1.6865658441673301
accuser,1.6535966981132075
plague,1.6535966981132075
incident,1.6535966981132075
hero,1.6535966981132075
receptacle,1.6535966981132075
dagger,1.6535966981132075
velvet,1.6535966981132075
morrison,1.6535966981132075
memoranda,1.6535966981132075
excess,1.6534492924528301
bevis,1.6296694040850705
jar,1.5868411743898125
ladyship,1.5779466152114492
honner,1.57034416685091
aunt,1.5361637545021605
remembrest,1.5327223026210004
biddulph,1.5257661825232152
greme,1.5206650551264667
singleton,1.5058958401572222
prosperity,1.4878372401592217
every,1.4878372401592217
wolf,1.4878372401592217
check,1.4878372401592217
vigour,1.4878372401592217
dealing,1.4878372401592217
serpent,1.4878372401592217
kindred,1.4878372401592217
victory,1.4878372401592217
listener,1.4878372401592217
nerve,1.4878372401592217
fibre,1.4878372401592217
symmes,1.4876179245283017
branch,1.4875082909573294
rate,1.4875082909573294
bard,1.4875082909573294
novelty,1.4875082909573294
ardour,1.4875082909573294
valuable,1.4875082909573294
reptile,1.4875082909573294
athenian,1.4875082909573294
livery,1.4875082909573294
nor,1.487453017908468
leipsick,1.4874345935588473
luther,1.4874345935588473
appointment,1.4874345935588473
hervey,1.4747496126081865
bible,1.4321509285644098
colonel,1.4106110105206184
surgeon,1.3879783031660868
old,1.3878669968164132
sleeve,1.3878669968164132
robert,1.3809222994314592
brand,1.3751658226945294
sinclair,1.3448757831198628
class,1.3412235979606701
examination,1.3412235979606701
morden,1.3303210306165956
sensibility,1.3219339622641506
stream,1.3219339622641506
indiscretion,1.3219339622641506
their,1.3219339622641506
oughtest,1.3219339622641506
mankind,1.3219339622641506
contriving,1.3219339622641506
bachelor,1.3217865566037736
almighty,1.3009064780013264
punisher,1.2962106265732363
misunderstanding,1.2742893240682247
altho,1.260072519614408
his,1.2533749512290284
seest,1.2387795710811407
george,1.2387795710811407
colmar,1.2387795710811407
sovereign,1.2387795710811407
roman,1.2387795710811407
meekness,1.2387795710811407
cloth,1.2387795710811407
honesty,1.2387795710811407
rake,1.238760870633322
adversary,1.2386690249834182
lordship,1.2204265539615897
dear,1.2096800128638043
rowe,1.188962914922469
thy,1.1888928192430135
descendent,1.1888928192430135
recollection,1.1888928192430135
begone,1.1888928192430135
footman,1.1888928192430135
smith,1.1540198919683795
devil,1.146697121210011
determin,1.1143046650453239
agent,1.1106019188508336
florence,1.0895905191474307
charlotte,1.0642704400855352
loveace,1.061086544535692
doctor,1.0563475779444365
m,1.0461063261375028
mennell,1.0373973468098545
tragedy,1.0342157498575162
sun,1.0243054496660666
harry,1.021114888207169
sarah,1.0126226081363563
belford,0.9956942840610177
miscreant,0.9902697921273771
aeneas,0.9902697921273771
knightsbridge,0.9902697921273771
contrition,0.9902697921273771
multitude,0.9902697921273771
marquise,0.9902697921273771
complaint,0.9902697921273771
high,0.9902697921273771
roguery,0.9902697921273771
tyranness,0.9902697921273771
silver,0.9902697921273771
pus,0.9902697921273771
current,0.9902697921273771
bod,0.9902697921273771
valet,0.9902697921273771
chearful,0.9902697921273771
worthier,0.9902697921273771
actor,0.9902697921273771
grocer,0.9902697921273771
outside,0.9902697921273771
disagreeableness,0.9902697921273771
gridiron,0.9902697921273771
terence,0.9902697921273771
interposition,0.9902697921273771
intimacy,0.9901238207547172
simon,0.9901238207547172
honest,0.9900508512049524
knight,0.9900508512049524
religious,0.9900508512049524
pollard,0.9900508512049524
chief,0.9900508512049524
alexander,0.9900305515356167
reader,0.9900229389492303
shorey,0.990018951358181
credulity,0.9900189513581807
fain,0.9900189513581807
breathing,0.9900189513581807
capital,0.9900189513581807
dolly,0.9900137571856729
mabell,0.9899770717327219
abandon,0.9899764150943395
thief,0.9899764150943395
bottle,0.9899764150943395
complexion,0.9899764150943395
chearfulness,0.9899764150943395
bloom,0.9899764150943395
barbarity,0.9899764150943395
spark,0.9899764150943395
perjury,0.9899764150943395
jemmy,0.9899764150943395
standing,0.9899764150943395
both,0.9899764150943395
faith,0.9899764150943395
society,0.9899403051072295
solomon,0.9899186416696144
inveteracy,0.9899186416696144
spy,0.9899186416696144
inclin,0.9899186416696144
fondness,0.9899186416696144
lowness,0.989389920424403
preparative,0.989389920424403
inmate,0.989389920424403
dowager,0.989389920424403
penury,0.989389920424403
regularity,0.989389920424403
little,0.989389920424403
soothings,0.989389920424403
harmony,0.989389920424403
operation,0.989389920424403
carelssnes,0.989389920424403
frenc,0.989389920424403
qualifier,0.989389920424403
coin,0.989389920424403
city,0.989389920424403
slighting,0.989389920424403
increase,0.989389920424403
surpriz,0.989389920424403
escutcheon,0.989389920424403
beau,0.989389920424403
bridge,0.989389920424403
patsey,0.989389920424403
monger,0.989389920424403
confound,0.989389920424403
hah,0.989389920424403
rear,0.989389920424403
chagrin,0.989389920424403
richness,0.989389920424403
shower,0.989389920424403
spiritless,0.989389920424403
fix,0.989389920424403
reversion,0.989389920424403
unbar,0.989389920424403
varletesses,0.989389920424403
polygamy,0.989389920424403
syria,0.989389920424403
persuasion,0.989389920424403
smartness,0.989389920424403
comeliness,0.989389920424403
inside,0.989389920424403
rising,0.989389920424403
lucretia,0.989389920424403
definition,0.989389920424403
devilson,0.989389920424403
porter,0.989389920424403
tremor,0.989389920424403
solicitor,0.989389920424403
unfelt,0.989389920424403
sleeper,0.989389920424403
acknowlegements,0.989389920424403
classic,0.989389920424403
fuller,0.989389920424403
allinson,0.989389920424403
hoop,0.989389920424403
sat,0.989389920424403
rebuff,0.989389920424403
firm,0.989389920424403
hunting,0.989389920424403
impudence,0.989389920424403
shuld,0.989389920424403
despights,0.989389920424403
craving,0.989389920424403
exhortation,0.989389920424403
intermeddling,0.989389920424403
nomination,0.989389920424403
herod,0.989389920424403
twenty,0.989389920424403
pursuer,0.989389920424403
pleasanter,0.989389920424403
ancle,0.989389920424403
ravisher,0.989389920424403
lord,0.967810334992089
moore,0.9556951602573878
treaty,0.9467066559003345
heaven,0.9447794393525217
widow,0.9291755491704514
squire,0.9171915444348577
pritchard,0.913488140051703
dryden,0.907067580514408
genius,0.907067580514408
feast,0.8995819263547193
apothecary,0.8929249352890423
pang,0.890510303351906
purity,0.890510303351906
charge,0.890510303351906
island,0.890510303351906
hickman,0.8842026828328717
cast,0.8794300687848018
tongue,0.8793357570993416
dorcas,0.8764236725738168
norton,0.8677216784667909
encouragement,0.8655759451691354
lovick,0.8470788279154309
nancy,0.8408065799946935
col,0.8392560433081415
wretch,0.8352331351643494
top,0.8242924528301887
fancy,0.8242924528301887
implement,0.8242924528301887
readier,0.8241580072223451
minister,0.8184562837363911
goddard,0.8005053695514845
mamma,0.7960857057261634
polly,0.7949086999497113
yo,0.7909444640962149
conqueror,0.7909444640962149
ingenuity,0.7909444640962149
fugitive,0.7909444640962149
kinsman,0.7841480894147783
jenyns,0.7827320632346979
machine,0.7817609674831865
study,0.7736763179144077
pocket,0.7688830658368817
grandfather,0.7677160168598525
conversation,0.7653234434063192
joseph,0.7621085084412473
robin,0.760459895230968
mowbray,0.760397296929566
tourville,0.7539010387780494
fie,0.7413221313287639
david,0.7413221313287639
colour,0.7413221313287639
weather,0.7413221313287639
idea,0.7413221313287639
sh,0.7413221313287639
taint,0.7413221313287639
imagin,0.7413221313287639
passiveness,0.7413221313287639
inclosed,0.7413221313287639
workwoman,0.7413221313287639
youth,0.7413106924913773
kitty,0.7412823752368918
peer,0.7320340648542418
sally,0.7304409125865161
piety,0.7246624609398031
self,0.71362944037734
wyerley,0.7136048739743526
bella,0.709374574810649
trick,0.7057485786481366
domestic,0.7057485786481366
excellence,0.7057485786481363
tho,0.7057327858496527
mean,0.7033111987168918
gentlewoman,0.6987704918032789
hannah,0.6976935914219187
barnes,0.6914981427981841
god,0.6862289321170996
constitution,0.683924076467787
kinswoman,0.6790758090816129
poor,0.6758209788907767
captain,0.6747604412026538
fellow,0.6718083972121525
horton,0.6716074713456912
antony,0.6716050954963366
repository,0.6584610849056605
parliament,0.6583136792452828
steward,0.6583136792452828
meanest,0.6583136792452828
aspiration,0.6583136792452828
chimney,0.6583136792452828
corruption,0.6583136792452828
perdition,0.6583136792452828
horace,0.6583136792452828
inconvenience,0.6583136792452828
potion,0.6583136792452828
gradation,0.6583136792452828
hare,0.6583136792452828
scare,0.6583136792452828
charity,0.6582651632397376
harman,0.6582489928269626
maid,0.6448154498691454
montague,0.6399138538135245
invention,0.6346809854706255
melvill,0.6281556520340892
betty,0.6251034774065685
joel,0.6233941537888661
lovelace,0.6198899474519919
writer,0.6168829733135821
grime,0.6168472252929471
oh,0.6168472252929471
refusal,0.6168472252929471
townsend,0.6109707306801433
wench,0.608949269908174
servant,0.5945559064135197
creature,0.5935179420397356
pray,0.5920226408419564
rich,0.5920226408419564
william,0.592005188373327
superior,0.5919702865228158
criticism,0.5919702865228158
stratagem,0.5919702865228158
dispensation,0.5919702865228158
vil,0.5919702865228158
stinginess,0.5919702865228158
client,0.5919702865228158
astonishment,0.5919702865228158
beam,0.5919702865228158
tony,0.5846053062561414
rowland,0.5796954777534646
mother,0.5775293038456761
suffering,0.5754504919482624
belton,0.5754315109886061
rawlins,0.5722145401419907
messenger,0.5646582278481012
conveyance,0.5636133922931144
disorder,0.5422746970902981
oliver,0.5422746970902981
esq,0.5328481110991601
regret,0.5307844071025241
provocation,0.5307844071025241
clary,0.530766352597027
people,0.5298554435092995
lady,0.5167300875988767
gentleman,0.49543238842386184
greatness,0.49270234409553293
imitation,0.49270234409553293
think,0.49270234409553293
blossom,0.49270234409553293
hither,0.49270234409553293
whoever,0.49270234409553293
surmizes,0.49270234409553293
descent,0.49270234409553293
commerce,0.49270234409553293
who,0.49270234409553293
revolution,0.49270234409553293
leaden,0.49270234409553293
inconveniency,0.49270234409553293
condescend,0.49270234409553293
season,0.49270234409553293
peruke,0.49270234409553293
fop,0.49270234409553293
oons,0.49270234409553293
owner,0.49270234409553293
recoil,0.49270234409553293
marrying,0.49270234409553293
behav,0.49270234409553293
doggesses,0.49270234409553293
tail,0.49270234409553293
prize,0.49270234409553293
correction,0.49270234409553293
mself,0.49270234409553293
close,0.49270234409553293
unpair,0.49270234409553293
lancaster,0.49270234409553293
perpetration,0.49270234409553293
rebellion,0.49270234409553293
aid,0.49270234409553293
front,0.49270234409553293
gladness,0.49270234409553293
perseverance,0.492629716981132
and,0.492629716981132
landlady,0.492629716981132
maiden,0.4925267533386397
satan,0.4925267533386397
shouldst,0.4925267533386397
infirmity,0.4925267533386397
thomasine,0.49248286535485297
ruddy,0.4923723192571301
trembling,0.4923723192571301
grave,0.4923723192571301
trvels,0.4923723192571301
white,0.4923723192571301
fist,0.4923723192571301
thorn,0.4923723192571301
mention,0.4923723192571301
perfection,0.4923723192571301
extract,0.4923723192571301
how,0.4923723192571301
wright,0.4923723192571301
miss,0.49069348850454286
uncle,0.48983958867553645
charmer,0.4764590089104863
her,0.4740583033082213
dog,0.4736193983901844
persecution,0.47087322643903584
brother,0.4472797593104294
neighbour,0.4472584016722947
vein,0.43716222855458375
fire,0.43397060736116533
vigilance,0.4214782059380924
sambre,0.4214782059380924
doleman,0.42144662034112446
parson,0.4139578904904504
she,0.40959563700682944
faculty,0.40953644336354933
quickness,0.40953644336354933
lloyd,0.4003603013429413
harlowe,0.39886473010713686
contrivance,0.398379424910964
traveller,0.39303086583532343
submission,0.39303086583532343
fortress,0.39303086583532343
low,0.39303086583532343
sailor,0.3929961089494163
petitioner,0.3929961089494163
consciousness,0.3929961089494163
scorn,0.3929961089494163
elizabeth,0.3929961089494163
this,0.3859128237523688
wilson,0.37405769635712804
howe,0.3696667070040571
housekeeper,0.36811850541675883
lane,0.36811850541675883
innkeeper,0.36811850541675883
protector,0.36811850541675883
misfortune,0.3635113003603012
papa,0.3628577094801386
expostulation,0.35680977649139733
um,0.35680977649139733
inducement,0.35680977649139733
clarissa,0.3549722005903979
son,0.3491624508150648
endeavour,0.3480828483396099
varlet,0.34328292208366507
vehemence,0.34328292208366507
villain,0.34325322248999557
nymph,0.34209497953559187
queen,0.3410620217633713
husband,0.34030481205679486
tomlinson,0.33601418345485023
sickness,0.33542020620476176
placability,0.32679834905660377
hostler,0.32679834905660377
garret,0.32679834905660377
rent,0.32679834905660377
tribe,0.32679834905660377
thump,0.32679834905660377
instigation,0.32679834905660377
proselyte,0.3266840269247777
attendance,0.3266622993776611
wood,0.32665094339622636
dogma,0.32665094339622636
such,0.32665094339622636
thunderbolt,0.32665094339622636
charg,0.32665094339622636
covetous,0.32665094339622636
fountain,0.32665094339622636
citizen,0.32665094339622636
tendency,0.32665094339622636
bid,0.32665094339622636
pin,0.32665094339622636
ingrateful,0.32665094339622636
duration,0.32665094339622636
couldest,0.32665094339622636
property,0.32665094339622636
eater,0.32665094339622636
dance,0.32665094339622636
scene,0.3266316844525676
calumny,0.32661884641839456
libertine,0.3237103307775524
solmes,0.3218587286606702
arrest,0.3092068516105009
h,0.30380287273947104
college,0.30117695081298046
fretchville,0.3004036671541028
sister,0.29520126870183994
impertinent,0.2935349783320067
closet,0.2908191313908741
author,0.28981329839502123
boreas,0.27934301958306995
lawyer,0.27934301958306995
jenny,0.27934301958306995
fynnett,0.27934301958306995
peter,0.27934301958306995
capt,0.27934301958306995
working,0.27934301958306995
beelzebub,0.27927984838913456
father,0.2778827839149114
sorlings,0.27230550642271023
prayer,0.2663611513105002
joy,0.26392905801085176
vice,0.262866083880404
our,0.2603030481693296
partington,0.24378703458034856
adversity,0.24376312783284804
religion,0.2437541454786647
stage,0.2437541454786647
mightest,0.24371729677942366
your,0.24364359938094182
all,0.24364359938094182
stone,0.24364359938094182
thinking,0.24364359938094182
person,0.2395749725021552
john,0.23621826844338578
education,0.2362116095835345
men,0.2336828648729068
cousin,0.23324503274595454
somebody,0.23192251000210584
error,0.23190521646358597
be,0.22916449901154934
goody,0.2271682094216143
tyrant,0.22464113204979919
mediation,0.22464113204979919
imagination,0.22464113204979919
meeting,0.22459947617265885
pride,0.22267940790706398
intelligence,0.22243840808591275
dish,0.22113683872005163
patty,0.21837379297897286
summer,0.21608254176220099
besough,0.21607546428220492
parent,0.21329561144651699
james,0.20975310252241997
terror,0.2008782897746333
circumstance,0.19912467685609325
suppliant,0.19403909082869042
accident,0.1940038912799953
tutor,0.19384506544039604
bone,0.19384506544039604
virgin,0.19384506544039604
virulence,0.19384506544039604
boy,0.18155688622754518
wisdom,0.18151669246075608
kindness,0.18151669246075608
book,0.1792335407795611
spirit,0.1755669149106902
girl,0.1658634197326283
respectful,0.1609669811320753
intelligencer,0.1609669811320753
frame,0.1609669811320753
narrative,0.1609669811320753
history,0.16086080676067405
advocate,0.16080772348736105
respect,0.14576298440263713
walk,0.13720783322804797
common,0.13720783322804797
look,0.13714466203411235
chevalier,0.13714466203411235
informant,0.13714466203411235
hers,0.13430380642422524
bud,0.11938978554057034
ruffle,0.11938978554057034
presumption,0.11938978554057034
ambrose,0.1097996530494234
none,0.10680286980543352
lawrance,0.1055355388142809
faithful,0.1055320821460155
neighbourhood,0.1055320821460155
phrase,0.1055320821460155
czar,0.1055320821460155
strain,0.1055320821460155
earth,0.10161086544535691
general,0.09454320332537369
barnet,0.09454320332537369
method,0.09450615537002971
nay,0.09254859798498272
leman,0.09208468598669106
niece,0.09022050516035374
note,0.08978732364708364
flattery,0.08976626658243858
whose,0.0854639009487057
villainy,0.08546390094870548
child,0.08458574455076717
wife,0.07813073733420506
triumph,0.07623860662395088
one,0.06963195524982657
thyself,0.06607706885660125
niceness,0.06285174465348131
barton,0.061317139319615466
folk,0.055314359221739995
anna,0.055314359221739995
yesterday,0.05353241077931559
proof,0.050279238113955405
executor,0.04879292486654441
nephew,0.04022618856193394
line,0.04022618856193394
law,0.037351347282854164
art,0.03533974316838662
good,0.03402292472297841
friend,0.032317337986907724
letter,0.0250046886013211
johnny,0.018698673404927257
figure,0.012152724833033313
reflection,0.009420661368879868
enormity,-0.0048651039363114545
perturbation,-0.0048651039363114545
excursion,-0.0048651039363114545
wor,-0.0048651039363114545
dido,-0.0048651039363114545
aukwardness,-0.0048651039363114545
detainest,-0.0048651039363114545
supplication,-0.0048651039363114545
nod,-0.0048651039363114545
eloquence,-0.0048651039363114545
clergy,-0.0048651039363114545
fretten,-0.0048651039363114545
albemarle,-0.0048651039363114545
interception,-0.0048651039363114545
addition,-0.0048651039363114545
anxiety,-0.0048651039363114545
spira,-0.0048651039363114545
drexelius,-0.0048651039363114545
compromise,-0.0048651039363114545
tenor,-0.0048651039363114545
waistcoat,-0.0048651039363114545
partiality,-0.0048651039363114545
vehicle,-0.0048651039363114545
stroak,-0.0048651039363114545
grudge,-0.0048651039363114545
puppy,-0.0048651039363114545
watch,-0.0048651039363114545
frost,-0.0048651039363114545
nag,-0.0048651039363114545
wig,-0.0048651039363114545
epsom,-0.0048651039363114545
comfortings,-0.0048651039363114545
saith,-0.0048651039363114545
suspence,-0.0048651039363114545
challeng,-0.0048651039363114545
farce,-0.0048651039363114545
shouldest,-0.0048651039363114545
akes,-0.0048651039363114545
ending,-0.0048651039363114545
augustan,-0.0048651039363114545
enrage,-0.0048651039363114545
ulysses,-0.0048651039363114545
phaedra,-0.0048651039363114545
hippolytus,-0.0048651039363114545
harasses,-0.0048651039363114545
faintings,-0.0048651039363114545
needest,-0.0048651039363114545
joint,-0.0048651039363114545
stool,-0.0048651039363114545
portugal,-0.0048651039363114545
cossack,-0.0048651039363114545
pultowa,-0.0048651039363114545
harlot,-0.0048651039363114545
naughty,-0.0048651039363114545
repartee,-0.0048651039363114545
misreporters,-0.0048651039363114545
heel,-0.0048651039363114545
longs,-0.0048651039363114545
flash,-0.0048651039363114545
grandpapa,-0.0048651039363114545
young,-0.0048651039363114545
full,-0.0048651039363114545
scrape,-0.0048651039363114545
edict,-0.0048651039363114545
pierglasses,-0.0048651039363114545
willers,-0.0048651039363114545
knollys,-0.0048651039363114545
persuadableness,-0.0048651039363114545
university,-0.0048651039363114545
weed,-0.0048651039363114545
puzzle,-0.0048651039363114545
prodigy,-0.0048651039363114545
attainment,-0.0048651039363114545
wantonness,-0.0048651039363114545
vex,-0.0048651039363114545
throne,-0.0048651039363114545
abhor,-0.0048651039363114545
livest,-0.0048651039363114545
intreats,-0.0048651039363114545
shriek,-0.0048651039363114545
begg,-0.0048651039363114545
esquire,-0.0048651039363114545
public,-0.0048651039363114545
shee,-0.0048651039363114545
rectitude,-0.0048651039363114545
aggressor,-0.0048651039363114545
needlework,-0.0048651039363114545
primm,-0.0048651039363114545
mien,-0.0048651039363114545
sip,-0.0048651039363114545
amiens,-0.0048651039363114545
welby,-0.0048651039363114545
benignity,-0.0048651039363114545
knoweth,-0.0048651039363114545
invective,-0.004927353126974232
enterprize,-0.004927353126974232
dependence,-0.004927353126974232
support,-0.004927353126974232
lace,-0.004927353126974232
monarch,-0.004952684177942812
remembrance,-0.004966324239744191
what,-0.004966324239744191
expedient,-0.004969467256264459
future,-0.004969467256264459
punctilio,-0.004974574397523801
quarrel,-0.004974574397523801
article,-0.004974757710874411
prosecution,-0.004984724232191651
entrance,-0.004987972265459217
fine,-0.004990524320909628
unworthy,-0.004994277390489965
josephus,-0.004994277390489965
indignation,-0.004996904572388772
pert,-0.005011423096764611
commission,-0.005011423096764611
labour,-0.005011423096764611
bell,-0.005011464133639065
sadleir,-0.005011496963622575
motive,-0.005011496963622575
deceiver,-0.005011792452830233
diffidence,-0.005011792452830233
dea,-0.005011792452830233
individual,-0.005011792452830233
pavement,-0.005011792452830233
colony,-0.005011792452830233
lenity,-0.005011792452830233
symptom,-0.005011792452830233
tyranny,-0.005011792452830233
heath,-0.005011792452830233
stopt,-0.005011792452830233
approach,-0.005011792452830233
critic,-0.005011792452830233
pacquet,-0.005011792452830233
barker,-0.005011792452830233
acquiescence,-0.005011792452830233
ice,-0.005011792452830233
thomas,-0.005011792452830233
cypher,-0.005011792452830233
watchfulness,-0.005011792452830233
sleep,-0.005011792452830233
orator,-0.005011792452830233
forwardness,-0.005011792452830233
splendor,-0.005011792452830233
entertainment,-0.005011792452830233
mole,-0.005011792452830233
parting,-0.005011792452830233
slipt,-0.005011792452830233
drink,-0.005011792452830233
abasement,-0.005011792452830233
avowal,-0.005011792452830233
do,-0.005011792452830233
mortgagee,-0.005011792452830233
owl,-0.005011792452830233
barbara,-0.005011792452830233
sprightly,-0.005011792452830233
juvenal,-0.0050851204952465645
dying,-0.0050851204952465645
jupiter,-0.0050851204952465645
sobb,-0.0050851204952465645
paul,-0.0050851204952465645
brink,-0.0050851204952465645
powder,-0.0050851204952465645
in,-0.0050851204952465645
antient,-0.0050851204952465645
preservation,-0.0050851204952465645
solicitude,-0.0050851204952465645
fly,-0.0050851204952465645
daring,-0.0050851204952465645
plenty,-0.0050851204952465645
manager,-0.0050851204952465645
assistant,-0.0050851204952465645
inquirist,-0.0050851204952465645
intervention,-0.0050851204952465645
deplores,-0.0050851204952465645
gratification,-0.005129112133003266
haughtiness,-0.005129112133003266
mantua,-0.005129112133003266
hater,-0.005129112133003266
french,-0.005129112133003266
acquirement,-0.005129112133003266
comer,-0.005129112133003266
hate,-0.005129112133003266
musty,-0.005129112133003266
miscellany,-0.0053050397877985045
adroitness,-0.0053050397877985045
slighter,-0.0053050397877985045
converse,-0.0053050397877985045
reference,-0.0053050397877985045
forsooth,-0.0053050397877985045
bushel,-0.0053050397877985045
siding,-0.0053050397877985045
reconciliatory,-0.0053050397877985045
sorrowings,-0.0053050397877985045
worship,-0.0053050397877985045
find,-0.0053050397877985045
burial,-0.0053050397877985045
adulation,-0.0053050397877985045
naming,-0.0053050397877985045
antiquity,-0.0053050397877985045
collegian,-0.0053050397877985045
belsord,-0.0053050397877985045
rhetorician,-0.0053050397877985045
extreme,-0.0053050397877985045
gratifying,-0.0053050397877985045
boar,-0.0053050397877985045
womb,-0.0053050397877985045
accomplice,-0.0053050397877985045
empson,-0.0053050397877985045
aught,-0.0053050397877985045
surpris,-0.0053050397877985045
casement,-0.0053050397877985045
companionship,-0.0053050397877985045
boat,-0.0053050397877985045
tempter,-0.0053050397877985045
shun,-0.0053050397877985045
compeer,-0.0053050397877985045
effluvium,-0.0053050397877985045
carcass,-0.0053050397877985045
science,-0.0053050397877985045
bubbling,-0.0053050397877985045
intemperance,-0.0053050397877985045
imposition,-0.0053050397877985045
holiday,-0.0053050397877985045
watching,-0.0053050397877985045
arduousness,-0.0053050397877985045
handmaid,-0.0053050397877985045
waller,-0.0053050397877985045
chal,-0.0053050397877985045
teller,-0.0053050397877985045
solicitous,-0.0053050397877985045
yea,-0.0053050397877985045
valour,-0.0053050397877985045
doat,-0.0053050397877985045
hackney,-0.0053050397877985045
bashfulness,-0.0053050397877985045
cushion,-0.0053050397877985045
corruptors,-0.0053050397877985045
battle,-0.0053050397877985045
hunch,-0.0053050397877985045
baboon,-0.0053050397877985045
sore,-0.0053050397877985045
diggs,-0.0053050397877985045
rencounter,-0.0053050397877985045
cocker,-0.0053050397877985045
singer,-0.0053050397877985045
israel,-0.0053050397877985045
reformer,-0.0053050397877985045
imitator,-0.0053050397877985045
desperation,-0.0053050397877985045
hemm,-0.0053050397877985045
partition,-0.0053050397877985045
gaiety,-0.0053050397877985045
butchery,-0.0053050397877985045
depredation,-0.0053050397877985045
biddy,-0.0053050397877985045
fansy,-0.0053050397877985045
eastern,-0.0053050397877985045
park,-0.0053050397877985045
stump,-0.0053050397877985045
host,-0.0053050397877985045
glotes,-0.0053050397877985045
comrade,-0.0053050397877985045
saddler,-0.0053050397877985045
al,-0.0053050397877985045
donation,-0.0053050397877985045
legislature,-0.0053050397877985045
tack,-0.0053050397877985045
worm,-0.0053050397877985045
aegr,-0.0053050397877985045
nunc,-0.0053050397877985045
proce,-0.0053050397877985045
ovid,-0.0053050397877985045
sky,-0.0053050397877985045
ribband,-0.0053050397877985045
blameable,-0.0053050397877985045
gentry,-0.0053050397877985045
obligingly,-0.0053050397877985045
bullet,-0.0053050397877985045
efore,-0.0053050397877985045
congress,-0.0053050397877985045
mowbay,-0.0053050397877985045
devill,-0.0053050397877985045
confin,-0.0053050397877985045
coy,-0.0053050397877985045
vainglory,-0.0053050397877985045
tress,-0.0053050397877985045
assemblage,-0.0053050397877985045
sobbing,-0.0053050397877985045
digression,-0.0053050397877985045
tideings,-0.0053050397877985045
pestilence,-0.0053050397877985045
famine,-0.0053050397877985045
slly,-0.0053050397877985045
georgic,-0.0053050397877985045
vocative,-0.0053050397877985045
following,-0.0053050397877985045
bawl,-0.0053050397877985045
gothamite,-0.0053050397877985045
rant,-0.0053050397877985045
reed,-0.0053050397877985045
gust,-0.0053050397877985045
likest,-0.0053050397877985045
chace,-0.0053050397877985045
chicaning,-0.0053050397877985045
chicaneriers,-0.0053050397877985045
practicers,-0.0053050397877985045
dad,-0.0053050397877985045
wriing,-0.0053050397877985045
appeaance,-0.0053050397877985045
perquisite,-0.0053050397877985045
coddard,-0.0053050397877985045
independency,-0.0053050397877985045
snatch,-0.0053050397877985045
repenters,-0.0053050397877985045
majesty,-0.0053050397877985045
employ,-0.0053050397877985045
sarvinge,-0.0053050397877985045
conshence,-0.0053050397877985045
indede,-0.0053050397877985045
lanlady,-0.0053050397877985045
constable,-0.0053050397877985045
bein,-0.0053050397877985045
endearment,-0.0053050397877985045
heaving,-0.0053050397877985045
ingrossments,-0.0053050397877985045
malory,-0.0053050397877985045
swell,-0.0053050397877985045
cavalcade,-0.0053050397877985045
hath,-0.0053050397877985045
stedfast,-0.0053050397877985045
hopeing,-0.0053050397877985045
chiding,-0.0053050397877985045
brilliancy,-0.0053050397877985045
stupidity,-0.0053050397877985045
pertness,-0.0053050397877985045
conjecture,-0.0053050397877985045
guess,-0.0053050397877985045
blighting,-0.0053050397877985045
maturest,-0.0053050397877985045
pill,-0.0053050397877985045
won,-0.0053050397877985045
unbidden,-0.0053050397877985045
billow,-0.0053050397877985045
cascade,-0.0053050397877985045
dashings,-0.0053050397877985045
trifling,-0.0053050397877985045
obstruction,-0.0053050397877985045
dismission,-0.0053050397877985045
plantation,-0.0053050397877985045
maturity,-0.0053050397877985045
dross,-0.0053050397877985045
oee,-0.0053050397877985045
bluntness,-0.0053050397877985045
come,-0.0053050397877985045
misty,-0.0053050397877985045
mistiness,-0.0053050397877985045
rainbow,-0.0053050397877985045
worthy,-0.0053050397877985045
isicle,-0.0053050397877985045
fal,-0.0053050397877985045
lal,-0.0053050397877985045
retch,-0.0053050397877985045
ave,-0.0053050397877985045
detractor,-0.0053050397877985045
tomlison,-0.0053050397877985045
nphew,-0.0053050397877985045
incoherence,-0.0053050397877985045
blistering,-0.0053050397877985045
simile,-0.0053050397877985045
bruise,-0.0053050397877985045
correspondest,-0.0053050397877985045
scoundrel,-0.0053050397877985045
fry,-0.0053050397877985045
persecutor,-0.0053050397877985045
planter,-0.0053050397877985045
sollicitous,-0.0053050397877985045
righthand,-0.0053050397877985045
bedew,-0.0053050397877985045
explicitness,-0.0053050397877985045
peculiars,-0.0053050397877985045
loneliness,-0.0053050397877985045
emblazon,-0.0053050397877985045
lecture,-0.0053050397877985045
vamp,-0.0053050397877985045
suppos,-0.0053050397877985045
unworthiness,-0.0053050397877985045
soil,-0.0053050397877985045
ratcliffe,-0.0053050397877985045
pew,-0.0053050397877985045
twinkler,-0.0053050397877985045
spleen,-0.0053050397877985045
ascendant,-0.0053050397877985045
admonition,-0.0053050397877985045
reverend,-0.0053050397877985045
superciliousness,-0.0053050397877985045
expostulatory,-0.0053050397877985045
original,-0.0053050397877985045
complimenters,-0.0053050397877985045
scipio,-0.0053050397877985045
dastardiz,-0.0053050397877985045
riving,-0.0053050397877985045
frowarder,-0.0053050397877985045
misconstruction,-0.0053050397877985045
resverie,-0.0053050397877985045
sagacity,-0.0053050397877985045
cow,-0.0053050397877985045
criminal,-0.0053050397877985045
disobligation,-0.0053050397877985045
competitor,-0.0053050397877985045
duke,-0.0053050397877985045
initial,-0.0053050397877985045
cattle,-0.0053050397877985045
tart,-0.0053050397877985045
reversiona,-0.0053050397877985045
haggard,-0.0053050397877985045
forborn,-0.0053050397877985045
madness,-0.0053050397877985045
mortality,-0.0053050397877985045
fram,-0.0053050397877985045
bespoke,-0.0053050397877985045
amaze,-0.0053050397877985045
morsel,-0.0053050397877985045
jaw,-0.0053050397877985045
tiresias,-0.0053050397877985045
horseman,-0.0053050397877985045
despairedst,-0.0053050397877985045
socrates,-0.0053050397877985045
magistracy,-0.0053050397877985045
allegiance,-0.0053050397877985045
eel,-0.0053050397877985045
county,-0.0053050397877985045
behoves,-0.0053050397877985045
default,-0.0053050397877985045
beforend,-0.0053050397877985045
trix,-0.0053050397877985045
cuurse,-0.0053050397877985045
kensington,-0.0053050397877985045
noon,-0.0053050397877985045
aesop,-0.0053050397877985045
malignity,-0.0053050397877985045
dorca,-0.0053050397877985045
pet,-0.0053050397877985045
animal,-0.0053050397877985045
blackwall,-0.0053050397877985045
die,-0.0053050397877985045
distressful,-0.0053050397877985045
uld,-0.0053050397877985045
clue,-0.0053050397877985045
monsieur,-0.0053050397877985045
bustlings,-0.0053050397877985045
shelburne,-0.0053050397877985045
viler,-0.0053050397877985045
unconcernedness,-0.0053050397877985045
machinery,-0.0053050397877985045
promiser,-0.0053050397877985045
midst,-0.0053050397877985045
tommy,-0.0053050397877985045
scribe,-0.0053050397877985045
amanuensis,-0.0053050397877985045
cuckold,-0.0053050397877985045
essence,-0.0053050397877985045
quarreller,-0.0053050397877985045
on,-0.0053050397877985045
deposite,-0.0053050397877985045
roomatise,-0.0053050397877985045
streight,-0.0053050397877985045
impudent,-0.0053050397877985045
fervency,-0.0053050397877985045
likeness,-0.0053050397877985045
unhand,-0.0053050397877985045
sceptic,-0.0053050397877985045
thinkest,-0.0053050397877985045
feat,-0.0053050397877985045
moralist,-0.0053050397877985045
painter,-0.0053050397877985045
indiscreetest,-0.0053050397877985045
implacable,-0.0053050397877985045
recreant,-0.0053050397877985045
wouldest,-0.0053050397877985045
iffp,-0.0053050397877985045
director,-0.0053050397877985045
reprieve,-0.0053050397877985045
norfolk,-0.0053050397877985045
seriousness,-0.0053050397877985045
incense,-0.0053050397877985045
sculptor,-0.0053050397877985045
charmingly,-0.0053050397877985045
impute,-0.0053050397877985045
blundering,-0.0053050397877985045
revival,-0.0053050397877985045
hd,-0.0053050397877985045
incumbent,-0.0053050397877985045
imploy,-0.0053050397877985045
angel,-0.019008233579551836
motif,-0.023090529023958806
modesty,-0.03708775533493103
prince,-0.03708775533493103
goddess,-0.03930956664938545
vanity,-0.041860465116279166
knowlege,-0.04923058781911449
family,-0.049873438783918256
body,-0.050711456687549505
motherinlaw,-0.05127414080335646
vixen,-0.05238997683722879
situation,-0.05393336619595768
my,-0.05474363793141568
dozen,-0.054744848324047024
handkerchief,-0.057391547197914616
calamity,-0.059269979096317815
alliance,-0.06352013942176382
conscience,-0.06468444884675251
delicacy,-0.06918292822092886
tom,-0.06988637456020608
excellency,-0.0713401332468604
disposition,-0.08150214300292535
pretension,-0.08150214300292535
bribe,-0.08150214300292535
mistress,-0.08459506627045899
maker,-0.08792099638882744
reserve,-0.08792099638882744
innocence,-0.09151382320144574
master,-0.09462990996733334
jest,-0.09543334941308879
wedlock,-0.09543334941308879
plotting,-0.09546014900573518
sufferer,-0.09547354880205816
enemy,-0.09786094995519079
lesson,-0.09827819694331585
felicity,-0.0997683722889029
action,-0.10286484762374215
anniversary,-0.10444857168125943
impertinence,-0.10444857168125943
wit,-0.10971210463844339
intimation,-0.11555468212636333
threatenings,-0.11555468212636333
parish,-0.11555468212636333
malediction,-0.11555468212636333
nurse,-0.11556035965213973
disappointment,-0.11556035965213973
trial,-0.1206885913494169
habit,-0.12438092542804591
presence,-0.12560969073270078
wonder,-0.12560969073270078
fair,-0.12933893433561805
yard,-0.12933893433561805
contention,-0.12933893433561805
abhorrence,-0.12933893433561805
trustee,-0.12939420738447927
string,-0.12939420738447927
shame,-0.12939420738447927
caesar,-0.13337327399292476
england,-0.13641369643572288
present,-0.13895030443212364
deed,-0.14069786139250684
coachman,-0.14223414961422343
prohibition,-0.14223414961422343
clergyman,-0.14319756301282371
daughter,-0.14403559180646952
act,-0.14712571067593172
illness,-0.1471467677405769
grandeur,-0.14718888186986734
keeper,-0.14718888186986734
fish,-0.14718888186986734
injurer,-0.14718888186986734
bear,-0.15010594196222926
quality,-0.15208447086508825
leeson,-0.15424073582736353
acquaintance,-0.15806660090479274
character,-0.16210217024495244
tour,-0.16212064792403647
compliance,-0.17081490840176872
ease,-0.17083056968089017
trader,-0.17083056968089017
metcalfe,-0.17084316037735858
profligate,-0.17084316037735858
stay,-0.17084316037735858
information,-0.17084316037735858
confession,-0.17084316037735858
being,-0.17084316037735858
knife,-0.17084316037735858
scripture,-0.17084316037735858
eye,-0.18036114245439983
gentleness,-0.1805743418999063
christian,-0.18588197459398614
crow,-0.18588197459398614
quill,-0.18588197459398614
device,-0.18588197459398614
quire,-0.18588197459398614
garden,-0.18590207428847083
relation,-0.18740994866843785
while,-0.18828403193148235
love,-0.1899402953669731
principle,-0.19155404471713233
minute,-0.19157638735352644
composure,-0.19157638735352644
prisoner,-0.19157638735352644
scandal,-0.19157638735352644
lion,-0.19157638735352644
hypocrite,-0.19452516319225088
passion,-0.19758219813137445
prudence,-0.2016824006087904
drowning,-0.20394445918457582
aspect,-0.20394445918457582
period,-0.20394445918457582
romance,-0.20394445918457582
indisposition,-0.20394445918457582
smile,-0.20399740581333647
star,-0.20399740581333647
physician,-0.20400627915717795
creditor,-0.204011603226263
margery,-0.20410328970640268
wind,-0.20410328970640268
root,-0.20410328970640268
skin,-0.20410328970640268
hesitation,-0.20410328970640268
tuesday,-0.20410328970640268
forehead,-0.20410328970640268
sheriff,-0.20410328970640268
thence,-0.20410328970640268
tidings,-0.20410328970640268
mistake,-0.20410328970640268
boding,-0.20410328970640268
disdain,-0.20410328970640268
policy,-0.20410328970640268
run,-0.20410328970640268
hour,-0.21085816230063126
exclamation,-0.21448519828709744
preparation,-0.21819330385344282
text,-0.22264599397507123
voice,-0.22342536669542712
disgrace,-0.2261075860519961
distinction,-0.22610917309487533
afternoon,-0.2296587926509186
tea,-0.23241945672773212
station,-0.23457378052928768
plan,-0.23457378052928768
indulgence,-0.23457378052928768
medicine,-0.23457378052928768
argument,-0.23598202793724
window,-0.2371617239549555
offer,-0.23786316423302722
readiness,-0.23910103006971173
thursday,-0.23910103006971173
guilt,-0.23912082195343998
pair,-0.24064980101007738
world,-0.24379770602881756
remorse,-0.2445339753353314
health,-0.2445339753353314
slave,-0.24769197584124247
lover,-0.2482164966688284
grief,-0.251466543339094
penitent,-0.25373662333068014
fate,-0.2537379432330099
qualification,-0.2537401429729531
ability,-0.2537401429729531
exertion,-0.25381384037143495
croud,-0.25381384037143495
duchess,-0.25381384037143495
convocation,-0.25381384037143495
rosebud,-0.25381384037143495
raillery,-0.25381384037143495
knot,-0.25381384037143495
unforgivingness,-0.25381384037143495
soldier,-0.25381384037143495
clerk,-0.25381384037143495
press,-0.25381384037143495
j,-0.25381384037143495
variety,-0.25381384037143495
underwood,-0.25381384037143495
perkins,-0.25381384037143495
adorer,-0.25381384037143495
courtship,-0.25381384037143495
hanna,-0.25381384037143495
prison,-0.25381384037143495
stedman,-0.25381384037143495
convulsion,-0.25381384037143495
say,-0.25381384037143495
nothing,-0.25622598046705136
dress,-0.2645826123735917
merit,-0.264887768369226
sense,-0.26505467116899817
generosity,-0.26505467116899817
decency,-0.2668497486501582
success,-0.2668497486501582
evil,-0.26782138566279534
stair,-0.2683834048640916
denial,-0.2703260420965745
settlement,-0.27288343140923166
cloaths,-0.27349935425908245
memory,-0.27637079916385265
legacy,-0.27637079916385265
authority,-0.279466926900674
hertfordshire,-0.2813835798162433
bride,-0.28360690533465405
glory,-0.2848298924909488
condition,-0.28563653680439016
sex,-0.2892823516317573
affection,-0.28929248262792173
exit,-0.28932406822488954
prerogative,-0.28932406822488954
enough,-0.28932406822488954
language,-0.28932406822488954
fame,-0.28932406822488954
convenience,-0.28932406822488954
horseback,-0.28932406822488954
pheasant,-0.28932406822488954
dropt,-0.28932406822488954
suit,-0.29898295545907705
laugh,-0.30344034668789244
english,-0.30344034668789244
machination,-0.30344034668789244
blessing,-0.3053664397276733
fear,-0.3065203408908185
tender,-0.3078268894314883
disguise,-0.31110959929246895
vivacity,-0.31110959929246895
sort,-0.3111500391169768
air,-0.3119637212102965
resolution,-0.3119637212102965
beauty,-0.3122683348723484
providence,-0.3138056173950169
half,-0.3151287529000988
companion,-0.3159218417488876
story,-0.3174751675595868
crime,-0.31770056854074535
life,-0.319416586187257
town,-0.3233957124663931
goodness,-0.32895251023220407
loss,-0.3302833429708494
contradiction,-0.33664971626501583
injury,-0.3366564828214611
debt,-0.33665798653761114
charm,-0.33665798653761114
customer,-0.33665798653761114
business,-0.33665798653761125
wine,-0.3366745283018868
smuggler,-0.3366745283018868
disparagement,-0.3366745283018868
stroke,-0.3366745283018868
sparrow,-0.3366745283018868
provision,-0.3366745283018868
scratch,-0.3366745283018868
restriction,-0.3366745283018868
moiety,-0.3366745283018868
arrival,-0.3366745283018868
stock,-0.3366745283018868
apprehends,-0.3366745283018868
prescriber,-0.3366745283018868
student,-0.3366745283018868
heat,-0.3366745283018868
song,-0.3366745283018868
pedant,-0.3366745283018868
peerage,-0.3366745283018868
venerables,-0.3366745283018868
dishabille,-0.3366745283018868
trooper,-0.3366745283018868
vultur,-0.3366745283018868
sweet,-0.3366745283018868
elevation,-0.3366745283018868
stockens,-0.3366745283018868
littleness,-0.3366745283018868
eagle,-0.3366745283018868
bryars,-0.3366745283018868
captive,-0.3366745283018868
farewel,-0.3366745283018868
inferior,-0.3366745283018868
delirium,-0.3366745283018868
impostor,-0.3366745283018868
latin,-0.3366745283018868
physic,-0.3366745283018868
sinner,-0.3366745283018868
subscription,-0.3366745283018868
wink,-0.3366745283018868
censoriousness,-0.3366745283018868
descendant,-0.3366745283018868
summons,-0.3366745283018868
coat,-0.3366745283018868
recess,-0.3366745283018868
foresight,-0.3366745283018868
forgery,-0.3366745283018868
stamping,-0.3366745283018868
unfit,-0.3366745283018868
representation,-0.3366745283018868
sweetness,-0.3367397071828634
anybody,-0.3367397071828634
disease,-0.3367397071828634
chin,-0.3367397071828634
trifle,-0.3367397071828634
fainting,-0.3367397071828634
grandson,-0.34026743057090947
surprize,-0.35109778136655523
writing,-0.35459043430456294
kind,-0.3550909775790628
skill,-0.3561544064093226
taste,-0.35617115359604634
plate,-0.360328490208465
destiny,-0.360328490208465
desire,-0.3603442830069489
affair,-0.36035231159361436
office,-0.361413976081734
distress,-0.3625735842799104
principal,-0.3632022074430452
house,-0.3639678878945757
praise,-0.364295189898295
italy,-0.36677922495578075
offender,-0.36677922495578075
dream,-0.36677922495578075
worth,-0.36677922495578075
favourite,-0.36677922495578075
mourning,-0.3698484759153352
draught,-0.37157884937627994
attempt,-0.37522881059624436
name,-0.37811993317938386
affectation,-0.37812292726066765
employment,-0.37812292726066765
gratitude,-0.37812292726066765
approbation,-0.3781333775529945
restraint,-0.3781782003095291
amendment,-0.3781782003095291
bantam,-0.3781782003095291
rise,-0.3781782003095291
eulogy,-0.3781782003095291
credit,-0.38047323454812443
treatment,-0.3835350437867091
spouse,-0.3835350437867091
secret,-0.3860642781875657
case,-0.3872216739736517
obstinacy,-0.38764541805565
imputation,-0.38764541805565
anguish,-0.38764541805565
want,-0.3877002619136706
soul,-0.38942851256488464
discretion,-0.391932393258979
dejection,-0.391932393258979
others,-0.39287891354965077
excuse,-0.39434372176186716
living,-0.3958938723941883
pardon,-0.3969823658680388
state,-0.40097102273240026
veneration,-0.40299365451369695
countenance,-0.40299985849724074
inn,-0.40299985849724074
ship,-0.40302467498010075
ay,-0.40302467498010075
immorality,-0.40302467498010075
harden,-0.403077467279802
equipage,-0.403077467279802
departure,-0.403077467279802
sting,-0.403077467279802
crew,-0.403077467279802
bequest,-0.403077467279802
insensibility,-0.403077467279802
animosity,-0.403077467279802
lodger,-0.403077467279802
apology,-0.403077467279802
cold,-0.403077467279802
guardian,-0.403077467279802
softness,-0.403077467279802
mind,-0.4070478624260545
punishment,-0.4072331777811229
affliction,-0.40876698282491675
violence,-0.409559166537086
death,-0.4100428888958457
issue,-0.4120437369351986
trunk,-0.4120437369351986
side,-0.4175519580668471
delight,-0.4180182886130023
foundation,-0.41955928955707866
wrong,-0.419574750340863
king,-0.419574750340863
vow,-0.419574750340863
apartment,-0.4195818798211566
age,-0.42150511096028465
oath,-0.4222583590094716
heart,-0.422897533232649
hint,-0.42318636247116126
uneasiness,-0.42392999278516064
purpose,-0.4239422196707575
morrow,-0.42394997750228847
word,-0.4241514742134511
court,-0.4251125130200656
progress,-0.4251125130200656
night,-0.4255652808169219
example,-0.42596036101410495
danger,-0.4259668696214157
something,-0.42840207737468006
request,-0.4314171404506211
communication,-0.4314171404506211
step,-0.43142632063973363
beast,-0.4314276689829438
fool,-0.4314339861023373
oracle,-0.43145925457991163
disapprobation,-0.43145925457991163
appeal,-0.43145925457991163
resistance,-0.43145925457991163
substance,-0.43145925457991163
fury,-0.43145925457991163
country,-0.4376021379270567
lip,-0.4376021379270567
fortune,-0.43819487895268805
honour,-0.4400602959658275
impatience,-0.44030510722971483
sacrifice,-0.44030510722971483
flight,-0.44031727606887205
consideration,-0.44140509844688214
tenant,-0.44279750955143626
length,-0.44279750955143626
judge,-0.44720679998034685
everyone,-0.4472830893190528
village,-0.4472830893190528
sound,-0.4472830893190528
cabinet,-0.4472830893190528
fee,-0.4472830893190528
catastrophe,-0.4472830893190528
diligence,-0.4472830893190528
indifference,-0.4472830893190528
gown,-0.4472830893190528
cause,-0.4522957589919594
conduct,-0.45726804952564715
gift,-0.45726804952564715
warmth,-0.45728144932197023
picture,-0.4573082489146165
licence,-0.4573082489146165
curse,-0.45859615809803744
tear,-0.4588602193914757
moment,-0.4592365443586761
saucy,-0.46103106459815013
mine,-0.4634799798845093
claim,-0.4641812368188313
dispatch,-0.4641812368188313
breath,-0.4641812368188313
humanity,-0.46423347732916087
reformation,-0.46423347732916087
deal,-0.4658393766465895
sentiment,-0.4669614655716994
virtue,-0.46901228793741234
friendship,-0.4693292769209
revenge,-0.46933360847839867
number,-0.46934143034019227
plea,-0.47140922532681095
point,-0.47323425876151004
satisfaction,-0.4732474964234621
height,-0.4763079501024018
management,-0.4763079501024018
bosom,-0.47631903553890187
form,-0.4787955359022952
manner,-0.4800892359174568
description,-0.4825951606056318
subject,-0.4832576797728927
course,-0.48408123157549954
view,-0.48534048976853406
thing,-0.4853421230191757
paper,-0.48534658900308014
chariot,-0.4864487047814675
turn,-0.4864560302403538
yours,-0.4894047826845872
motion,-0.48973876366275115
event,-0.4897501020454442
design,-0.49407162022394435
instance,-0.49528326070238404
choice,-0.4960374888015988
liberty,-0.49793507452393115
practise,-0.5024325519681557
deer,-0.5024325519681557
injur,-0.5024325519681557
beech,-0.5024325519681557
consistency,-0.5024325519681557
equanimity,-0.5024325519681557
posture,-0.5024325519681557
gypsey,-0.5024325519681557
warehouse,-0.5024325519681557
frankness,-0.5024325519681557
reign,-0.5024325519681557
pomp,-0.5024325519681557
dissertation,-0.5024325519681557
imprisonment,-0.5024325519681557
robbery,-0.5024325519681557
him,-0.5024325519681557
ft,-0.5024325519681557
turning,-0.5024325519681557
elect,-0.5024325519681557
meal,-0.5024325519681557
slop,-0.5024325519681557
accomplishment,-0.5024325519681557
inferiority,-0.5024325519681557
equivalent,-0.5024325519681557
whelp,-0.5024325519681557
reparation,-0.5024325519681557
offering,-0.5024325519681557
might,-0.5024325519681557
supposal,-0.5024325519681557
cravat,-0.5024325519681557
vessel,-0.5024325519681557
apostasy,-0.5024325519681557
scoff,-0.5024325519681557
tat,-0.5024325519681557
so,-0.5024325519681557
bias,-0.5024325519681557
foil,-0.5024325519681557
hart,-0.5024325519681557
counsel,-0.5024325519681557
waiter,-0.5024325519681557
y,-0.5024325519681557
ating,-0.5024325519681557
camel,-0.5024325519681557
swallowers,-0.5024325519681557
holy,-0.5024325519681557
writ,-0.5024325519681557
niobe,-0.5024325519681557
reprimand,-0.5024325519681557
engag,-0.5024325519681557
trim,-0.5024325519681557
compilement,-0.5024325519681557
prey,-0.5024325519681557
visage,-0.5024325519681557
pagan,-0.5024325519681557
grate,-0.5024325519681557
hysteric,-0.5024325519681557
bitterness,-0.5024325519681557
inspection,-0.5024325519681557
ungen,-0.5024325519681557
sternness,-0.5024325519681557
sorrowing,-0.5024325519681557
disaster,-0.5024325519681557
cannot,-0.5024325519681557
transcript,-0.5024325519681557
syren,-0.5024325519681557
heightenings,-0.5024325519681557
solidity,-0.5024325519681557
overspread,-0.5024325519681557
cunning,-0.5024325519681557
ala,-0.5024325519681557
holborn,-0.5024325519681557
hudibras,-0.5024325519681557
lark,-0.5024325519681557
bond,-0.5024325519681557
sash,-0.5024325519681557
dare,-0.5024325519681557
dew,-0.5024325519681557
froth,-0.5024325519681557
theirs,-0.5024325519681557
shrug,-0.5024325519681557
discharg,-0.5024325519681557
proficiency,-0.5024325519681557
canon,-0.5024325519681557
nicety,-0.5024325519681557
sacrilege,-0.5024325519681557
resuge,-0.5024325519681557
contract,-0.5024325519681557
irreconcileableness,-0.5024325519681557
doctrine,-0.5024636765634871
iniquity,-0.5024636765634871
hussey,-0.5024872871987619
project,-0.5024873788554372
journey,-0.5024873788554372
earnestness,-0.5024873788554372
lot,-0.5024897621748409
officer,-0.5024923621160958
dignity,-0.5024952621604548
stranger,-0.5024965453707968
assiduity,-0.502500085036906
guinea,-0.5025019200781995
change,-0.502505773104702
pursuit,-0.5025058962264151
winter,-0.5025058962264151
train,-0.5025058962264151
allowance,-0.5025058962264151
cover,-0.5025058962264151
josias,-0.5025058962264151
brookland,-0.5025058962264151
tameness,-0.5025058962264151
magnanimity,-0.5025058962264151
ox,-0.5025058962264151
parchment,-0.5025058962264151
testimony,-0.5025058962264151
reverence,-0.5025094519003295
suspense,-0.5025205624834174
expence,-0.5025205624834174
malady,-0.5025205624834174
space,-0.5025425602476232
arrogance,-0.5025425602476232
protestation,-0.5025425602476232
iron,-0.5025425602476232
engagement,-0.5025425602476232
liquor,-0.5025425602476232
uncertainty,-0.5025425602476232
inch,-0.5025425602476232
monster,-0.5025425602476232
forbearance,-0.5025425602476232
war,-0.5025425602476232
albans,-0.5025425602476232
boldness,-0.5025425602476232
solicitation,-0.5025425602476232
mourner,-0.5025425602476232
union,-0.5025425602476232
vestal,-0.5025425602476232
image,-0.5025425602476232
mate,-0.5025425602476232
damnation,-0.5025425602476232
monkey,-0.5025425602476232
date,-0.5025425602476232
conviction,-0.5025425602476232
spot,-0.5025425602476232
destruction,-0.5025425602476232
nich,-0.5025425602476232
coa,-0.5025425602476232
familiarity,-0.5025425602476232
shape,-0.5025425602476232
probation,-0.5025425602476232
sullenness,-0.5025425602476232
duel,-0.5025425602476232
fold,-0.5025425602476232
conveniency,-0.5025425602476232
judgment,-0.5115452645119793
mercy,-0.5115452645119793
content,-0.5155873625414558
advice,-0.5167085696958977
company,-0.5204794885455515
hamstead,-0.5209302325581395
justice,-0.52587281425468
outrage,-0.5261739313539693
behaviour,-0.5271227550939992
scruple,-0.5286725004654627
horse,-0.5286807031698499
vengeance,-0.5286848046174971
prospect,-0.5286848046174971
contempt,-0.5301306932638923
force,-0.5309345428358454
post,-0.5317344709187389
opposition,-0.5317344709187389
reputation,-0.5329482898655356
temper,-0.5344465269495087
drawer,-0.5356700666234302
opinion,-0.5398819108964037
message,-0.5407728241643611
menace,-0.540785087420913
safety,-0.540785087420913
shock,-0.540785087420913
shew,-0.540785087420913
insolence,-0.540785087420913
noise,-0.540785087420913
warning,-0.540785087420913
set,-0.540785087420913
scheme,-0.5417699423983242
rest,-0.546833270579582
grace,-0.5477367744010291
ornament,-0.5477568740955138
dishonour,-0.5477568740955138
extremity,-0.5477568740955138
marriage,-0.5509266505963748
conquest,-0.5522242858406297
direction,-0.5522562957394592
command,-0.5557959570435882
talent,-0.5577894385158108
applause,-0.5578264714552423
affront,-0.5578264714552423
inscription,-0.5578264714552423
untruth,-0.5578264714552423
head,-0.560103706530998
sunday,-0.562190462714023
notion,-0.5628048453663503
light,-0.5635909450590371
matron,-0.564669467167809
distance,-0.5646850731006273
bird,-0.5673857038489637
intellect,-0.5673857038489637
repentance,-0.5673857038489637
news,-0.5681985048725137
pity,-0.5688343847650492
place,-0.571592639905665
wednesday,-0.5735628553379659
degree,-0.5735691724573595
anger,-0.5735691724573595
patient,-0.5735944409349336
snare,-0.5735944409349336
hat,-0.5735944409349336
attribute,-0.5735944409349336
disgust,-0.5735944409349336
nail,-0.5735944409349336
venison,-0.5735944409349336
violation,-0.5735944409349336
sign,-0.5735944409349336
acknowlegement,-0.5735944409349336
boundary,-0.5735944409349336
stomach,-0.5735944409349336
elbow,-0.5735944409349336
feud,-0.5735944409349336
determination,-0.5735944409349336
order,-0.5754622423470591
time,-0.5775727842639007
obligation,-0.5790333004523964
solemnity,-0.5810370508285235
face,-0.5815418185424881
proposal,-0.5815418185424881
address,-0.5816449589966233
object,-0.5834927294790316
week,-0.5854000073700114
trust,-0.5854000073700114
repetition,-0.5854521335396861
clock,-0.5854521335396861
worthiness,-0.5854521335396861
defect,-0.5854521335396861
silk,-0.5854521335396861
material,-0.5854521335396861
reply,-0.5854521335396861
farmer,-0.5854521335396861
consent,-0.5864975995222016
weakness,-0.5874460742018981
rebel,-0.5902611590885444
day,-0.593877131109964
opportunity,-0.5943905860085735
rogue,-0.5966249970122142
service,-0.598166604306269
independence,-0.6019722295922879
rashness,-0.6019987029066682
severity,-0.6020164499867339
proverb,-0.6020164499867339
adieu,-0.6020164499867339
mahogany,-0.6020164499867339
amusement,-0.6020164499867339
debate,-0.6020164499867339
struggle,-0.6020164499867339
implacableness,-0.6020164499867339
gout,-0.602028182300572
slough,-0.602028182300572
produce,-0.6020516448532014
cost,-0.6020516448532014
antagonist,-0.6020516448532014
raving,-0.6020516448532014
mirth,-0.6020516448532014
proclamation,-0.6020516448532014
nobleness,-0.6020516448532014
display,-0.6020516448532014
drayton,-0.6020516448532014
friday,-0.6020516448532014
dove,-0.6020516448532014
bent,-0.6020516448532014
abjectness,-0.6020516448532014
livelihood,-0.6020516448532014
unkindness,-0.6020516448532014
condemnation,-0.6020516448532014
needle,-0.6020516448532014
hand,-0.6061873828182456
will,-0.6081598791592805
occasion,-0.6091064146387686
part,-0.6139259399786295
compassion,-0.6148293963254593
folly,-0.6173069073427366
seducer,-0.6173209061840942
birth,-0.6173209061840942
confinement,-0.6173209061840942
knee,-0.6173209061840942
woe,-0.6173209061840942
fever,-0.6173209061840942
road,-0.6173209061840942
cully,-0.6173209061840942
seat,-0.618940990516333
trouble,-0.6192009957527651
return,-0.6198799610469623
censure,-0.6209307222573173
condescension,-0.6209307222573173
inclination,-0.6209500814195069
ardor,-0.6225793662895307
year,-0.6235120707513346
copy,-0.625733271669547
rank,-0.6268563216272985
declaration,-0.6269069201857175
civility,-0.6269069201857175
hill,-0.6269069201857175
steadiness,-0.6269069201857175
pandora,-0.6269069201857175
zeal,-0.6269069201857175
fowl,-0.6269069201857175
darling,-0.6269069201857175
match,-0.6269069201857175
loth,-0.6269069201857175
flame,-0.6269069201857175
spring,-0.6269069201857175
veteran,-0.6269069201857175
altar,-0.6269069201857175
recourse,-0.6269069201857175
mystery,-0.6269069201857175
kingdom,-0.6314772355060596
envy,-0.6314772355060596
intrigue,-0.6334016011915844
interest,-0.6339137472154317
nature,-0.6357577719695833
passage,-0.6381786996837648
conference,-0.6381786996837648
throat,-0.638205499276411
hampstead,-0.638205499276411
reconciliation,-0.639065670140635
use,-0.6406917899081217
pen,-0.6417946087448705
church,-0.6433052996929649
bank,-0.6446620341124447
arm,-0.6481088018636956
test,-0.6488398709811674
compulsion,-0.6488398709811674
difference,-0.650405143772259
evening,-0.6517201733439462
rule,-0.6517201733439462
power,-0.6534814651853481
witness,-0.6539008728419271
admiration,-0.6539008728419271
door,-0.6541773844768359
compliment,-0.6555835232490901
report,-0.6562791445570028
mortal,-0.6568875606111433
sight,-0.6569028086975084
freedom,-0.6574506335720707
mischief,-0.6585742278946365
estate,-0.6590135589683459
thro,-0.6614196924286346
curiosity,-0.6617022781944248
hope,-0.666191188049891
antipathy,-0.6683126358845857
exception,-0.6683126358845857
call,-0.6683262364886997
peace,-0.6683278117805604
corpse,-0.6683289932688056
thought,-0.6683323866291819
measure,-0.6683336667333466
month,-0.6683371820698013
indeed,-0.6683372641509434
hitherto,-0.6683372641509434
wound,-0.6683372641509434
dialogue,-0.6683372641509434
infection,-0.6683372641509434
concert,-0.6683372641509434
let,-0.6683372641509434
representative,-0.6683372641509434
parade,-0.6683372641509434
chain,-0.6683372641509434
trade,-0.6683372641509434
bit,-0.6683372641509434
chicken,-0.6683372641509434
diversion,-0.6683372641509434
censorious,-0.6683372641509434
sea,-0.6683372641509434
preferment,-0.6683372641509434
aukward,-0.6683372641509434
slip,-0.6683372641509434
blunt,-0.6683372641509434
shaft,-0.6683372641509434
efficacy,-0.6683372641509434
left,-0.6683372641509434
would,-0.6683372641509434
fiend,-0.6683372641509434
ha,-0.6683372641509434
serenity,-0.6683372641509434
bugbear,-0.6683372641509434
tabby,-0.6683372641509434
softening,-0.6683372641509434
auditor,-0.6683372641509434
grove,-0.6683372641509434
insomuch,-0.6683372641509434
misbehaviour,-0.6683372641509434
affluence,-0.6683372641509434
equality,-0.6683372641509434
goose,-0.6683372641509434
cord,-0.6683372641509434
poultry,-0.6683372641509434
passive,-0.6683372641509434
riser,-0.6683372641509434
bettertons,-0.6683372641509434
agitation,-0.6683372641509434
cash,-0.6683372641509434
intreaty,-0.6683372641509434
shewn,-0.6683372641509434
imperfection,-0.6683372641509434
undertaker,-0.6683372641509434
great,-0.6683372641509434
headstrongness,-0.6683372641509434
tenure,-0.6683372641509434
rustling,-0.6683372641509434
mighty,-0.6683372641509434
inference,-0.6683372641509434
double,-0.6683372641509434
declar,-0.6683372641509434
conception,-0.6683372641509434
access,-0.6683372641509434
lamb,-0.6683372641509434
tradition,-0.6683372641509434
intricacy,-0.6683372641509434
falshoods,-0.6683372641509434
attitude,-0.6683372641509434
observer,-0.6683372641509434
prognostic,-0.6683372641509434
obliger,-0.6683372641509434
cohabitation,-0.6683372641509434
element,-0.6683372641509434
beggar,-0.6683372641509434
suspension,-0.6683372641509434
demise,-0.6683372641509434
oblig,-0.6683372641509434
trifler,-0.6683372641509434
ladiship,-0.6683372641509434
remissness,-0.6683372641509434
kiss,-0.6683372641509434
mishap,-0.6683372641509434
intercession,-0.6683372641509434
mantle,-0.6683372641509434
anderson,-0.6683372641509434
cross,-0.6683372641509434
altamont,-0.6683372641509434
remark,-0.6683372641509434
deluder,-0.6683372641509434
historian,-0.6683372641509434
ambassador,-0.6683372641509434
riot,-0.6683372641509434
basis,-0.6683372641509434
disloyalty,-0.6683372641509434
rout,-0.6683372641509434
composition,-0.6683372641509434
falshood,-0.6683372641509434
breast,-0.6683535596717929
lincoln,-0.6683535596717929
rage,-0.66835681858381
failure,-0.6683617068317489
intreaties,-0.6683617068317489
landlord,-0.6683617068317489
ours,-0.6683617068317489
lewdness,-0.6683698535914318
tie,-0.6683698535914318
bow,-0.6683698535914318
hurry,-0.6683698535914318
edge,-0.6683698535914318
inexperience,-0.6683698535914318
supposition,-0.6683698535914318
fib,-0.6683698535914318
sake,-0.6713725872015188
way,-0.6722342838513669
displeasure,-0.6747168271029627
street,-0.6760453302071121
finger,-0.6766234053372836
assurance,-0.6785310965073406
absence,-0.6790197420974552
plot,-0.6801642451042325
happiness,-0.6808503537578428
favour,-0.6866934533736868
piece,-0.6867619843102573
insult,-0.6890528701323826
intention,-0.6890649470290189
levity,-0.6890891001547645
temptation,-0.6890891001547645
esteem,-0.6890891001547645
preachment,-0.6890891001547645
wickedness,-0.6938331235756319
survivor,-0.6938567249472753
bill,-0.6971584573384089
duty,-0.6971691801311974
visit,-0.7009227308744217
sword,-0.7014916573315253
ceremony,-0.7015019972583759
prejudice,-0.7015123374900504
sheet,-0.7015123374900504
sanction,-0.7015123374900504
cottage,-0.7015123374900504
st,-0.7041852905323039
confidence,-0.7051867865507133
concern,-0.7058208300969754
round,-0.7060218684675993
preference,-0.7073481597086747
moral,-0.7073481597086747
understanding,-0.7073665591509728
misrepresentation,-0.7073665591509728
fact,-0.708779119930975
hall,-0.7097689501418727
cruelty,-0.7111149149834531
feature,-0.715698041692988
usage,-0.7157043588123815
interview,-0.7157085702253105
resentment,-0.7157094443948988
penitence,-0.7157296272899558
whining,-0.7157296272899558
no,-0.7157296272899558
box,-0.7157296272899558
field,-0.7157296272899558
inconveniencies,-0.7157296272899558
retinue,-0.7157296272899558
proceeding,-0.7157296272899558
aim,-0.7157296272899558
heavy,-0.7157296272899558
indictment,-0.7157296272899558
rape,-0.7157296272899558
exaltation,-0.7157296272899558
nonsense,-0.7157296272899558
alternative,-0.7157296272899558
performance,-0.7157296272899558
impulse,-0.7157296272899558
ambition,-0.7157296272899558
promise,-0.7180844007487877
politeness,-0.7188010689635284
end,-0.719055472029882
andrew,-0.7201448193903215
vilest,-0.7236279663931607
room,-0.7255141146452786
bed,-0.7268628505037543
linen,-0.7286541244573083
escape,-0.7286541244573083
hardship,-0.7286541244573083
sincerity,-0.7286541244573083
fright,-0.7286541244573083
spite,-0.7286541244573083
risques,-0.7286541244573083
aversion,-0.7310753639123264
effect,-0.7319406529148562
defence,-0.732099731283377
lodging,-0.7324385386010286
observation,-0.7346668042391993
apprehension,-0.7346705344087543
need,-0.734685454867048
demand,-0.734685454867048
courage,-0.7366107426193262
answer,-0.7374281432712622
discovery,-0.7381772481846955
monday,-0.7381772481846955
care,-0.7391726198653661
obedience,-0.7404544930211097
chamber,-0.7412975803028159
expression,-0.7420242384539797
correspondence,-0.7428602659141046
base,-0.7432100878694511
difficulty,-0.7441472628267489
foot,-0.744529298578992
advantage,-0.745718075959318
question,-0.7488322571781838
practice,-0.7512406033508574
fashion,-0.7512602812417086
liking,-0.7512602812417086
appetite,-0.7512712801238116
cheek,-0.7512712801238116
prepossession,-0.7512712801238116
spinster,-0.7512712801238116
sorrow,-0.7512712801238116
ancestor,-0.7512712801238116
billet,-0.7512712801238116
remainder,-0.7512712801238116
correspondent,-0.7512712801238116
comment,-0.7512712801238116
instant,-0.7512712801238116
spectacle,-0.7512712801238116
latter,-0.7512712801238116
gravity,-0.7512712801238116
thine,-0.7512712801238116
blush,-0.7512712801238116
clytemnestra,-0.7512712801238116
correspondencies,-0.7512712801238116
meditation,-0.7512712801238116
assumption,-0.7512712801238116
nick,-0.7512712801238116
stuff,-0.7512712801238116
gospel,-0.7512712801238116
sewer,-0.7512712801238116
wall,-0.7512712801238116
savage,-0.7512712801238116
dawn,-0.7512712801238116
fencing,-0.7512712801238116
drum,-0.7512712801238116
banker,-0.7512712801238116
mixture,-0.7512712801238116
chaplain,-0.7512712801238116
associate,-0.7512712801238116
interval,-0.7512712801238116
process,-0.7512712801238116
oclock,-0.7512712801238116
resolveing,-0.7512712801238116
petulance,-0.7512712801238116
healing,-0.7512712801238116
reflecter,-0.7512712801238116
wrath,-0.7512712801238116
province,-0.7512712801238116
oxford,-0.7512712801238116
nderstood,-0.7512712801238116
recollecting,-0.7512712801238116
poniard,-0.7512712801238116
disreputation,-0.7512712801238116
conveniencies,-0.7512712801238116
damp,-0.7512712801238116
quantity,-0.7512712801238116
unman,-0.7512712801238116
wickeder,-0.7512712801238116
ingratitude,-0.7512712801238116
show,-0.7512712801238116
excuser,-0.7512712801238116
sponge,-0.7512712801238116
upwards,-0.7512712801238116
school,-0.7512712801238116
spurrier,-0.7512712801238116
share,-0.7567753473655248
consolation,-0.7630869656769846
fore,-0.7631080227416298
weight,-0.763899090132358
chair,-0.7648174947740795
dairy,-0.7658932473207782
yet,-0.7658932473207782
appearance,-0.7663900702129459
necessity,-0.7678202936147633
pretence,-0.7685979309351926
divinity,-0.7703925437104565
admirer,-0.7703925437104565
account,-0.7707352659485587
parlour,-0.7725584333543905
superiority,-0.7738784370477569
fall,-0.7738784370477569
fortnight,-0.7738784370477569
humour,-0.7747129889200374
recovery,-0.775305260755449
london,-0.7753227301904286
right,-0.7758983347940404
contrary,-0.7761170930155431
crown,-0.7789023731145286
confusion,-0.7789023731145286
matrimony,-0.7789059941041598
library,-0.7789132357276212
rapture,-0.7789132357276212
breakfast,-0.7789132357276212
ring,-0.7789132357276212
transaction,-0.7789132357276212
supper,-0.7789132357276212
whisper,-0.7789132357276212
victim,-0.7789132357276212
earnest,-0.7837120775175914
pattern,-0.7837120775175914
malice,-0.7837120775175914
silence,-0.7867972204674668
fervor,-0.7867972204674668
mark,-0.7867972204674668
fault,-0.7881628647396469
vol,-0.7889264083185936
coach,-0.7895166502261982
talk,-0.7905417985477565
expectation,-0.7917360811172127
invitation,-0.7941508340703242
baseness,-0.7941508340703242
value,-0.8009999528324137
shoulder,-0.801008224993367
bar,-0.801008224993367
flutter,-0.801008224993367
caution,-0.801008224993367
defiance,-0.801008224993367
audience,-0.8010117447290223
challenge,-0.801014091150286
groan,-0.801014091150286
glass,-0.801014091150286
fan,-0.801014091150286
repining,-0.8010258224266007
officiousness,-0.8010258224266007
balance,-0.8010258224266007
list,-0.8010258224266007
consentest,-0.8010258224266007
knock,-0.8010258224266007
assent,-0.8010258224266007
delusion,-0.8010258224266007
remedy,-0.8010258224266007
oer,-0.8010258224266007
pursuance,-0.8010258224266007
pitch,-0.8010258224266007
removal,-0.8010258224266007
demonstration,-0.8010258224266007
crisis,-0.8010258224266007
championess,-0.8010258224266007
anything,-0.8010258224266007
tone,-0.8010258224266007
gate,-0.8010258224266007
put,-0.8010258224266007
er,-0.8010258224266007
pleasantry,-0.8010258224266007
royal,-0.8010258224266007
confederacy,-0.8010258224266007
hurricane,-0.8010258224266007
howemiss,-0.8010258224266007
whither,-0.8010258224266007
wedn,-0.8010258224266007
pain,-0.80401326588724
wish,-0.8058455565142364
tenderness,-0.8086669614612743
injunction,-0.8086669614612743
perusal,-0.8104864181933038
miracle,-0.8104864181933038
morning,-0.8127061418568113
regard,-0.8134390920229574
party,-0.8134483044523672
custom,-0.8134534600928587
lid,-0.8134534600928587
construction,-0.8134534600928587
past,-0.8157549950867999
whole,-0.8166965345497708
home,-0.8166965345497708
comfort,-0.8190826499437208
truth,-0.8190866698826178
teeth,-0.8191027496382055
saturday,-0.8191027496382055
travel,-0.8191027496382055
leg,-0.8191027496382055
price,-0.8191027496382055
emperor,-0.8191027496382055
propriety,-0.8191027496382055
push,-0.8191027496382055
overture,-0.8191027496382055
security,-0.8191027496382055
offence,-0.8223152242577385
key,-0.8231120719304279
virago,-0.8244199354905837
impression,-0.8244199354905837
result,-0.8244199354905837
fit,-0.8254332748910025
consequence,-0.8269583858036855
hearing,-0.8269696620140732
strength,-0.8269696620140732
mouth,-0.8277832579339434
play,-0.8284590283919369
pleasure,-0.8299674230635754
application,-0.8310305700173541
matter,-0.831356364108765
job,-0.8341686320754718
particularity,-0.8341686320754718
recrimination,-0.8341686320754718
meridian,-0.8341686320754718
vine,-0.8341686320754718
toad,-0.8341686320754718
reliance,-0.8341686320754718
fatigue,-0.8341686320754718
transgression,-0.8341686320754718
hazard,-0.8341686320754718
cordial,-0.8341686320754718
vileness,-0.8341686320754718
disturbance,-0.8341686320754718
fidelity,-0.8341686320754718
peny,-0.8341686320754718
compunction,-0.8341686320754718
arbitrariness,-0.8341686320754718
level,-0.8341686320754718
streights,-0.8341686320754718
administration,-0.8341686320754718
negligence,-0.8341686320754718
deliberation,-0.8341686320754718
generality,-0.8341686320754718
lengthening,-0.8341686320754718
rush,-0.8341686320754718
controul,-0.8341747429708516
berkshire,-0.8341767798358964
storm,-0.8341767798358964
precaution,-0.8341808534158744
lock,-0.8341808534158744
wing,-0.8341808534158744
doubt,-0.8359897372103872
work,-0.8373570304859901
ear,-0.838012381481253
speech,-0.838012381481253
sin,-0.8386595597198652
probability,-0.8395241355700103
visitor,-0.8408093957832178
breach,-0.8445402537103059
despair,-0.8445402537103059
delay,-0.8445402537103059
suspicion,-0.8452135290765088
u,-0.8469165617878159
importance,-0.8469283624736377
diamond,-0.8469283624736377
possibility,-0.8469283624736377
attendant,-0.8469283624736377
shade,-0.8469283624736377
surname,-0.8469283624736377
patience,-0.8478217893893519
reading,-0.8492522913651712
welfare,-0.8507561687450251
instruction,-0.8517988860454614
nuptials,-0.8526039960694399
profession,-0.8526039960694399
money,-0.8541825500899637
influence,-0.8578648136449779
blood,-0.8578648136449779
hair,-0.8578648136449779
mile,-0.8578648136449779
darkness,-0.8578648136449779
absurdity,-0.8578648136449779
stake,-0.8578648136449779
prude,-0.8578648136449779
hundred,-0.8578648136449779
horn,-0.8578648136449779
thread,-0.8578648136449779
straw,-0.8578648136449779
token,-0.8578648136449779
thunder,-0.8578648136449779
tryal,-0.8578648136449779
coppice,-0.8578648136449779
ivy,-0.8578648136449779
consummation,-0.8578648136449779
poison,-0.8578648136449779
female,-0.8578648136449779
back,-0.8578648136449779
capacity,-0.8578648136449779
interior,-0.8578648136449779
amends,-0.8578648136449779
disobedience,-0.8578648136449779
hunt,-0.8578648136449779
term,-0.8627570573226393
title,-0.8643270622286541
reception,-0.8655496330998876
thee,-0.8673427274335239
execution,-0.8673427274335239
quarter,-0.8673427274335239
discourse,-0.8673427274335239
belief,-0.8673427274335239
bread,-0.8673427274335239
couple,-0.8673427274335239
reason,-0.8680985113199324
paragraph,-0.8702272465105548
sigh,-0.8756356400619059
neck,-0.8756356400619059
ah,-0.8756356400619059
despondency,-0.8756356400619059
baronet,-0.8756356400619059
topic,-0.8756356400619059
coxcomb,-0.8756356400619059
bound,-0.8756356400619059
weapon,-0.8756356400619059
bottom,-0.8756356400619059
disposal,-0.8756356400619059
permission,-0.8756356400619059
abuse,-0.8756356400619059
guard,-0.8756356400619059
ink,-0.8756356400619059
particular,-0.8767257302069311
reward,-0.879401833092137
sens,-0.8829466236603891
damsel,-0.8829496683573936
hold,-0.8843092490898994
dislike,-0.8852001768767646
guest,-0.8862918509159823
forgiveness,-0.8869392185238785
alteration,-0.8894511865572643
refuge,-0.8894511865572643
inquiry,-0.8894522728612699
neglect,-0.8894566178638106
murder,-0.8894566178638106
torture,-0.8894566178638106
alarm,-0.8894566178638106
product,-0.8894566178638106
lightning,-0.8894566178638106
perverseness,-0.8894566178638106
intrepidity,-0.8894566178638106
cry,-0.8894566178638106
stop,-0.8894566178638106
brain,-0.8894566178638106
employer,-0.8894566178638106
hurt,-0.8894566178638106
concession,-0.8952708992738783
dining,-0.8952708992738783
corner,-0.8952708992738783
reproach,-0.9005041124966835
task,-0.9005041124966835
castle,-0.9005041124966835
wedding,-0.9005041124966835
that,-0.9005041124966835
france,-0.9005041124966835
floor,-0.9005041124966835
relationship,-0.9005041124966835
lovel,-0.9005041124966835
pound,-0.9005063123217405
emotion,-0.9005070455751429
objection,-0.9024572112299929
chapel,-0.9037144813420062
help,-0.9052432090966519
comparison,-0.9052432090966519
purchaser,-0.9095513748191028
beginning,-0.9095513748191028
sedateness,-0.9095513748191028
mortification,-0.9095513748191028
sentence,-0.9095513748191028
yorkshire,-0.9095513748191028
series,-0.9095513748191028
see,-0.9095513748191028
conceit,-0.9095513748191028
cl,-0.9095513748191028
wealth,-0.9095513748191028
kin,-0.9134848310070366
table,-0.9134848310070366
parcel,-0.9147188881869868
path,-0.9170873714854259
option,-0.9170873714854259
behalf,-0.9170873714854259
style,-0.9170904267079372
toast,-0.9170904267079372
significance,-0.9170904267079372
vault,-0.9170904267079372
leisure,-0.9170904267079372
shilling,-0.9170904267079372
proceedest,-0.9170904267079372
diet,-0.9234641812368188
dinner,-0.9234641812368188
ado,-0.9234641812368188
gold,-0.9234641812368188
failing,-0.9234641812368188
justification,-0.9234641812368188
jewel,-0.9234667845845097
leave,-0.9249098918702443
assistance,-0.9289324068224889
bowel,-0.9289324068224889
chance,-0.9289324068224889
booty,-0.9289324068224889
litigation,-0.9289324068224889
blow,-0.9289324068224889
apparel,-0.9358096542280041
protection,-0.9373198144872634
notice,-0.9373751492025011
reach,-0.9414733118301946
privacy,-0.9414733118301946
benefit,-0.9436824189026832
misapprehension,-0.9447255932786321
heir,-0.9447255932786321
nose,-0.9476354496369391
shop,-0.9476354496369391
it,-0.948977277881083
misery,-0.9502520562483417
instrument,-0.9502520562483417
attention,-0.9510685185722156
possession,-0.952621604548326
artifice,-0.9547756874095514
flower,-0.9547756874095514
score,-0.9602023489458045
personality,-0.9617333922922549
midnight,-0.96315099901736
hole,-0.96315099901736
ruin,-0.9715733218784349
me,-0.972362796639316
sum,-0.9731099266199775
